Workbook

Sheet Dashboard Final
B2: DASHBOARD EJECUTIVO DE VENTAS
B3: Sistema de Inteligencia de Negocios · Capa de visualización final
B5: SEGMENTADORES INTERACTIVOS
B6: Año | E6: Categoría | H6: Región
B7: Todos | E7: Todos | H7: Todos
B9: VENTAS TOTALES | E9: CANTIDAD TOTAL | H9: TICKET PROMEDIO | K9: CRECIMIENTO 2026 VS 2025
B10: =SUMPRODUCT(Datos_Ventas!$G$2:$G$373*--(((Datos_Ventas!$L$2:$L$373=$B$7)+($B$7="Todos"))>0)*--(((Datos_Ventas!$I$2:$I$373=$E$7)+($E$7="Todos"))>0)*--(((Datos_Ventas!$K$2:$K$373=$H$7)+($H$7="Todos"))>0)) -> 7084460 | E10: =SUMPRODUCT(Datos_Ventas!$E$2:$E$373*--(((Datos_Ventas!$L$2:$L$373=$B$7)+($B$7="Todos"))>0)*--(((Datos_Ventas!$I$2:$I$373=$E$7)+($E$7="Todos"))>0)*--(((Datos_Ventas!$K$2:$K$373=$H$7)+($H$7="Todos"))>0)) -> 18467 | H10: =IFERROR(B10/E10,0) -> 383.62809 | K10: =IFERROR(SUMPRODUCT(Datos_Ventas!$G$2:$G$373*--(Datos_Ventas!$L$2:$L$373=2026)*--(((Datos_Ventas!$I$2:$I$373=$E$7)+($E$7="Todos"))>0)*--(((Datos_Ventas!$K$2:$K$373=$H$7)+($H$7="Todos"))>0))/SUMPRODUCT(Datos_Ventas!$G$2:$G$373*--(Datos_Ventas!$L$2:$L$373=2025)*--(((Datos_Ventas!$I$2:$I$373=$E$7)+($E$7="Todos"))>0)*--(((Datos_Ventas!$K$2:$K$373=$H$7)+($H$7="Todos"))>0))-1,0) -> 1.1111218
B13: EVOLUCIÓN MENSUAL | H13: VENTAS POR CATEGORÍA
B14: Mes | C14: Ventas | H14: Categoría | I14: Ventas
B15: Jan | C15: =SUMPRODUCT(Datos_Ventas!$G$2:$G$373*--(Datos_Ventas!$M$2:$M$373=1)*--(((Datos_Ventas!$L$2:$L$373=$B$7)+($B$7="Todos"))>0)*--(((Datos_Ventas!$I$2:$I$373=$E$7)+($E$7="Todos"))>0)*--(((Datos_Ventas!$K$2:$K$373=$H$7)+($H$7="Todos"))>0)) -> 1102660 | H15: Cereales | I15: =SUMPRODUCT(Datos_Ventas!$G$2:$G$373*--(Datos_Ventas!$I$2:$I$373=H15)*--(((Datos_Ventas!$L$2:$L$373=$B$7)+($B$7="Todos"))>0)*--(((Datos_Ventas!$I$2:$I$373=$E$7)+($E$7="Todos"))>0)*--(((Datos_Ventas!$K$2:$K$373=$H$7)+($H$7="Todos"))>0)) -> 2024550
B16: Feb | C16: =SUMPRODUCT(Datos_Ventas!$G$2:$G$373*--(Datos_Ventas!$M$2:$M$373=2)*--(((Datos_Ventas!$L$2:$L$373=$B$7)+($B$7="Todos"))>0)*--(((Datos_Ventas!$I$2:$I$373=$E$7)+($E$7="Todos"))>0)*--(((Datos_Ventas!$K$2:$K$373=$H$7)+($H$7="Todos"))>0)) -> 1137180 | H16: Frutas Deshidratadas | I16: =SUMPRODUCT(Datos_Ventas!$G$2:$G$373*--(Datos_Ventas!$I$2:$I$373=H16)*--(((Datos_Ventas!$L$2:$L$373=$B$7)+($B$7="Todos"))>0)*--(((Datos_Ventas!$I$2:$I$373=$E$7)+($E$7="Todos"))>0)*--(((Datos_Ventas!$K$2:$K$373=$H$7)+($H$7="Todos"))>0)) -> 1714050
B17: Mar | C17: =SUMPRODUCT(Datos_Ventas!$G$2:$G$373*--(Datos_Ventas!$M$2:$M$373=3)*--(((Datos_Ventas!$L$2:$L$373=$B$7)+($B$7="Todos"))>0)*--(((Datos_Ventas!$I$2:$I$373=$E$7)+($E$7="Todos"))>0)*--(((Datos_Ventas!$K$2:$K$373=$H$7)+($H$7="Todos"))>0)) -> 1085060 | H17: Frutos Secos | I17: =SUMPRODUCT(Datos_Ventas!$G$2:$G$373*--(Datos_Ventas!$I$2:$I$373=H17)*--(((Datos_Ventas!$L$2:$L$373=$B$7)+($B$7="Todos"))>0)*--(((Datos_Ventas!$I$2:$I$373=$E$7)+($E$7="Todos"))>0)*--(((Datos_Ventas!$K$2:$K$373=$H$7)+($H$7="Todos"))>0)) -> 3345860
B18: Apr | C18: =SUMPRODUCT(Datos_Ventas!$G$2:$G$373*--(Datos_Ventas!$M$2:$M$373=4)*--(((Datos_Ventas!$L$2:$L$373=$B$7)+($B$7="Todos"))>0)*--(((Datos_Ventas!$I$2:$I$373=$E$7)+($E$7="Todos"))>0)*--(((Datos_Ventas!$K$2:$K$373=$H$7)+($H$7="Todos"))>0)) -> 1164600
B19: May | C19: =SUMPRODUCT(Datos_Ventas!$G$2:$G$373*--(Datos_Ventas!$M$2:$M$373=5)*--(((Datos_Ventas!$L$2:$L$373=$B$7)+($B$7="Todos"))>0)*--(((Datos_Ventas!$I$2:$I$373=$E$7)+($E$7="Todos"))>0)*--(((Datos_Ventas!$K$2:$K$373=$H$7)+($H$7="Todos"))>0)) -> 744830
B20: Jun | C20: =SUMPRODUCT(Datos_Ventas!$G$2:$G$373*--(Datos_Ventas!$M$2:$M$373=6)*--(((Datos_Ventas!$L$2:$L$373=$B$7)+($B$7="Todos"))>0)*--(((Datos_Ventas!$I$2:$I$373=$E$7)+($E$7="Todos"))>0)*--(((Datos_Ventas!$K$2:$K$373=$H$7)+($H$7="Todos"))>0)) -> 631710
B21: Jul | C21: =SUMPRODUCT(Datos_Ventas!$G$2:$G$373*--(Datos_Ventas!$M$2:$M$373=7)*--(((Datos_Ventas!$L$2:$L$373=$B$7)+($B$7="Todos"))>0)*--(((Datos_Ventas!$I$2:$I$373=$E$7)+($E$7="Todos"))>0)*--(((Datos_Ventas!$K$2:$K$373=$H$7)+($H$7="Todos"))>0)) -> 551570
B22: Aug | C22: =SUMPRODUCT(Datos_Ventas!$G$2:$G$373*--(Datos_Ventas!$M$2:$M$373=8)*--(((Datos_Ventas!$L$2:$L$373=$B$7)+($B$7="Todos"))>0)*--(((Datos_Ventas!$I$2:$I$373=$E$7)+($E$7="Todos"))>0)*--(((Datos_Ventas!$K$2:$K$373=$H$7)+($H$7="Todos"))>0)) -> 666850
B23: Sep | C23: =SUMPRODUCT(Datos_Ventas!$G$2:$G$373*--(Datos_Ventas!$M$2:$M$373=9)*--(((Datos_Ventas!$L$2:$L$373=$B$7)+($B$7="Todos"))>0)*--(((Datos_Ventas!$I$2:$I$373=$E$7)+($E$7="Todos"))>0)*--(((Datos_Ventas!$K$2:$K$373=$H$7)+($H$7="Todos"))>0)) -> 0
B24: Oct | C24: =SUMPRODUCT(Datos_Ventas!$G$2:$G$373*--(Datos_Ventas!$M$2:$M$373=10)*--(((Datos_Ventas!$L$2:$L$373=$B$7)+($B$7="Todos"))>0)*--(((Datos_Ventas!$I$2:$I$373=$E$7)+($E$7="Todos"))>0)*--(((Datos_Ventas!$K$2:$K$373=$H$7)+($H$7="Todos"))>0)) -> 0
B25: Nov | C25: =SUMPRODUCT(Datos_Ventas!$G$2:$G$373*--(Datos_Ventas!$M$2:$M$373=11)*--(((Datos_Ventas!$L$2:$L$373=$B$7)+($B$7="Todos"))>0)*--(((Datos_Ventas!$I$2:$I$373=$E$7)+($E$7="Todos"))>0)*--(((Datos_Ventas!$K$2:$K$373=$H$7)+($H$7="Todos"))>0)) -> 0
B26: Dec | C26: =SUMPRODUCT(Datos_Ventas!$G$2:$G$373*--(Datos_Ventas!$M$2:$M$373=12)*--(((Datos_Ventas!$L$2:$L$373=$B$7)+($B$7="Todos"))>0)*--(((Datos_Ventas!$I$2:$I$373=$E$7)+($E$7="Todos"))>0)*--(((Datos_Ventas!$K$2:$K$373=$H$7)+($H$7="Todos"))>0)) -> 0
B28: VENTAS POR REGIÓN | H28: LECTURA EJECUTIVA
B29: Región | C29: Ventas | H29: • Frutos Secos concentra la mayor facturación acumulada. • Norte presenta la mayor facturación acumulada por región. • La dispersión cantidad–ventas permite ver que el volumen no explica por sí solo la facturación: también interviene el precio.
B30: Este | C30: =SUMPRODUCT(Datos_Ventas!$G$2:$G$373*--(Datos_Ventas!$K$2:$K$373=B30)*--(((Datos_Ventas!$L$2:$L$373=$B$7)+($B$7="Todos"))>0)*--(((Datos_Ventas!$I$2:$I$373=$E$7)+($E$7="Todos"))>0)*--(((Datos_Ventas!$K$2:$K$373=$H$7)+($H$7="Todos"))>0)) -> 1439660
B31: Norte | C31: =SUMPRODUCT(Datos_Ventas!$G$2:$G$373*--(Datos_Ventas!$K$2:$K$373=B31)*--(((Datos_Ventas!$L$2:$L$373=$B$7)+($B$7="Todos"))>0)*--(((Datos_Ventas!$I$2:$I$373=$E$7)+($E$7="Todos"))>0)*--(((Datos_Ventas!$K$2:$K$373=$H$7)+($H$7="Todos"))>0)) -> 3235890
B32: Oeste | C32: =SUMPRODUCT(Datos_Ventas!$G$2:$G$373*--(Datos_Ventas!$K$2:$K$373=B32)*--(((Datos_Ventas!$L$2:$L$373=$B$7)+($B$7="Todos"))>0)*--(((Datos_Ventas!$I$2:$I$373=$E$7)+($E$7="Todos"))>0)*--(((Datos_Ventas!$K$2:$K$373=$H$7)+($H$7="Todos"))>0)) -> 839210
B33: Sur | C33: =SUMPRODUCT(Datos_Ventas!$G$2:$G$373*--(Datos_Ventas!$K$2:$K$373=B33)*--(((Datos_Ventas!$L$2:$L$373=$B$7)+($B$7="Todos"))>0)*--(((Datos_Ventas!$I$2:$I$373=$E$7)+($E$7="Todos"))>0)*--(((Datos_Ventas!$K$2:$K$373=$H$7)+($H$7="Todos"))>0)) -> 1569700
B36: ="Lectura filtrada: Año = "&B7&" | Categoría = "&E7&" | Región = "&H7 -> Lectura filtrada: Año = Todos | Categoría = Todos | Región = Todos

Sheet Datos_Ventas
A1: ID_VENTAS | B1: FECHA | C1: ID_CLIENTES | D1: ID_PRODUCTOS | E1: CANTIDAD | F1: PRECIO | G1: MONTO COMPRA | H1: PRODUCTO | I1: CATEGORIA | J1: CLIENTE | K1: REGION | L1: AÑO | M1: MES
A2: V001 | B2: 46143 | C2: C001 | D2: P001 | E2: 73 | F2: 220 | G2: 16060 | H2: Mani Salado | I2: Frutos Secos | J2: Juan Lopez | K2: Este | L2: =YEAR(B2) -> 2026 | M2: =MONTH(B2) -> 5
A3: V002 | B3: 46144 | C3: C002 | D3: P002 | E3: 65 | F3: 300 | G3: 19500 | H3: Cereal De Chocolate | I3: Cereales | J3: Pedro Perez | K3: Sur | L3: =YEAR(B3) -> 2026 | M3: =MONTH(B3) -> 5
A4: V003 | B4: 46145 | C4: C003 | D4: P003 | E4: 23 | F4: 250 | G4: 5750 | H4: Cereal Sin Azucar | I4: Cereales | J4: Susana Martinez | K4: Oeste | L4: =YEAR(B4) -> 2026 | M4: =MONTH(B4) -> 5
A5: V004 | B5: 46146 | C5: C004 | D5: P004 | E5: 59 | F5: 450 | G5: 26550 | H5: Pasa De Uva | I5: Frutas Deshidratadas | J5: Ruben Gonzalez | K5: Sur | L5: =YEAR(B5) -> 2026 | M5: =MONTH(B5) -> 5
A6: V005 | B6: 46147 | C6: C005 | D6: P005 | E6: 30 | F6: 700 | G6: 21000 | H6: Nueces | I6: Frutos Secos | J6: Nelida Gomez | K6: Norte | L6: =YEAR(B6) -> 2026 | M6: =MONTH(B6) -> 5
A7: V006 | B7: 46148 | C7: C006 | D7: P001 | E7: 65 | F7: 220 | G7: 14300 | H7: Mani Salado | I7: Frutos Secos | J7: Noelia Paez | K7: Sur | L7: =YEAR(B7) -> 2026 | M7: =MONTH(B7) -> 5
A8: V007 | B8: 46149 | C8: C007 | D8: P002 | E8: 62 | F8: 300 | G8: 18600 | H8: Cereal De Chocolate | I8: Cereales | J8: Veronica Gutierrez | K8: Oeste | L8: =YEAR(B8) -> 2026 | M8: =MONTH(B8) -> 5
A9: V008 | B9: 46150 | C9: C008 | D9: P003 | E9: 66 | F9: 250 | G9: 16500 | H9: Cereal Sin Azucar | I9: Cereales | J9: Melina Sanchez | K9: Este | L9: =YEAR(B9) -> 2026 | M9: =MONTH(B9) -> 5
A10: V009 | B10: 46151 | C10: C009 | D10: P004 | E10: 60 | F10: 450 | G10: 27000 | H10: Pasa De Uva | I10: Frutas Deshidratadas | J10: Cristian Morales | K10: Norte | L10: =YEAR(B10) -> 2026 | M10: =MONTH(B10) -> 5
A11: V010 | B11: 46152 | C11: C010 | D11: P005 | E11: 44 | F11: 700 | G11: 30800 | H11: Nueces | I11: Frutos Secos | J11: Diego Salas | K11: Norte | L11: =YEAR(B11) -> 2026 | M11: =MONTH(B11) -> 5
A12: V011 | B12: 46153 | C12: C011 | D12: P001 | E12: 31 | F12: 220 | G12: 6820 | H12: Mani Salado | I12: Frutos Secos | J12: Jose Martin | K12: Norte | L12: =YEAR(B12) -> 2026 | M12: =MONTH(B12) -> 5
A13: V012 | B13: 46154 | C13: C012 | D13: P002 | E13: 35 | F13: 300 | G13: 10500 | H13: Cereal De Chocolate | I13: Cereales | J13: Marcelo Suarez | K13: Norte | L13: =YEAR(B13) -> 2026 | M13: =MONTH(B13) -> 5
... A373: V372 | B373: 45784 | C373: C013 | D373: P004 | E373: 49 | F373: 450 | G373: 22050 | H373: Pasa De Uva | I373: Frutas Deshidratadas | J373: Diego Salas | K373: Norte | L373: =YEAR(B373) -> 2025 | M373: =MONTH(B373) -> 5
A374: Total | G374: =SUBTOTAL(109,Tabla1[MONTO COMPRA]) -> 7084460 | K374: =SUBTOTAL(103,Tabla1[REGION]) -> 372

Sheet Resumen_Mensual
A1: AÑO | B1: MES_NUM | C1: MES | D1: VENTAS | E1: CANTIDAD
A2: 2025 | B2: 1 | C2: Jan | D2: 492310 | E2: 1328
A3: 2025 | B3: 2 | C3: Feb | D3: 530360 | E3: 1345
A4: 2025 | B4: 3 | C4: Mar | D4: 551730 | E4: 1411
A5: 2025 | B5: 4 | C5: Apr | D5: 572970 | E5: 1567
A6: 2025 | B6: 5 | C6: May | D6: 129770 | E6: 371
A7: 2025 | B7: 6 | C7: Jun | D7: 0 | E7: 0
A8: 2025 | B8: 7 | C8: Jul | D8: 0 | E8: 0
A9: 2025 | B9: 8 | C9: Aug | D9: 0 | E9: 0
A10: 2025 | B10: 9 | C10: Sep | D10: 0 | E10: 0
A11: 2025 | B11: 10 | C11: Oct | D11: 0 | E11: 0
A12: 2025 | B12: 11 | C12: Nov | D12: 0 | E12: 0
A13: 2025 | B13: 12 | C13: Dec | D13: 0 | E13: 0
... A25: 2026 | B25: 12 | C25: Dec | D25: 0 | E25: 0

Sheet Resumen_Categoria
A1: AÑO | B1: CATEGORIA | C1: VENTAS | D1: CANTIDAD
A2: 2025 | B2: Cereales | C2: 705150 | D2: 2553
A3: 2025 | B3: Frutas Deshidratadas | C3: 550350 | D3: 1223
A4: 2025 | B4: Frutos Secos | C4: 1021640 | D4: 2246
A5: 2026 | B5: Cereales | C5: 1319400 | D5: 4810
A6: 2026 | B6: Frutas Deshidratadas | C6: 1163700 | D6: 2586
A7: 2026 | B7: Frutos Secos | C7: 2324220 | D7: 5049

Sheet Resumen_Region
A1: AÑO | B1: REGION | C1: VENTAS | D1: CANTIDAD
A2: 2025 | B2: Este | C2: 397650 | D2: 1210
A3: 2025 | B3: Norte | C3: 1038990 | D3: 2528
A4: 2025 | B4: Oeste | C4: 312450 | D4: 923
A5: 2025 | B5: Sur | C5: 528050 | D5: 1361
A6: 2026 | B6: Este | C6: 1042010 | D6: 3045
A7: 2026 | B7: Norte | C7: 2196900 | D7: 5171
A8: 2026 | B8: Oeste | C8: 526760 | D8: 1727
A9: 2026 | B9: Sur | C9: 1041650 | D9: 2502

Sheet Datos_Grafico_Dispersion
A1: CANTIDAD | B1: VENTAS | C1: ID_VENTAS
A2: 73 | B2: 16060 | C2: V001
A3: 65 | B3: 19500 | C3: V002
A4: 23 | B4: 5750 | C4: V003
A5: 59 | B5: 26550 | C5: V004
A6: 30 | B6: 21000 | C6: V005
A7: 65 | B7: 14300 | C7: V006
A8: 62 | B8: 18600 | C8: V007
A9: 66 | B9: 16500 | C9: V008
A10: 60 | B10: 27000 | C10: V009
A11: 44 | B11: 30800 | C11: V010
A12: 31 | B12: 6820 | C12: V011
A13: 35 | B13: 10500 | C13: V012
... A373: 49 | B373: 22050 | C373: V372

Sheet IA_Insights
A1: MÓDULO 9 – REGISTRO DE ANÁLISIS HUMANO + VALIDACIÓN CON IA
A2: Objetivo | B2: Documentar las conclusiones observadas y su validación tipo abogado del diablo.
A3: Insight 1 – evidencia | B3: Las ventas acumuladas de 2026 son $4,807,320, frente a $2,277,140 en 2025.
A4: Insight 1 – interpretación | B4: El período 2026 presenta un volumen acumulado superior al de 2025.
A5: Insight 1 – abogado del diablo | B5: La comparación debe considerar que los períodos pueden no tener la misma cantidad de meses observados; un acumulado mayor no prueba por sí solo un crecimiento anual definitivo.
A6: Insight 2 – evidencia | B6: Frutos Secos concentra la mayor facturación acumulada, con $3,345,860.
A7: Insight 2 – interpretación | B7: La categoría representa una concentración importante de la facturación.
A8: Insight 2 – abogado del diablo | B8: La mayor facturación puede explicarse por precios unitarios más altos; conviene contrastar ventas con cantidad y ticket.
A9: Insight 3 – evidencia | B9: Norte presenta la mayor facturación acumulada, con $3,235,890.
A10: Insight 3 – interpretación | B10: Esa región concentra la mayor parte de la facturación regional del dataset.
A11: Insight 3 – abogado del diablo | B11: La concentración puede depender de productos, clientes o cantidad de operaciones; no demuestra por sí sola una causa geográfica.
A12: Prompt utilizado | B12: Tengo un dashboard de ventas. Mis conclusiones iniciales son: 1) 2026 acumula más ventas que 2025; 2) Frutos Secos lidera la facturación; 3) Norte lidera por región. Actuá como abogado del diablo: buscá sesgos, variables omitidas y explicaciones alternativas que puedan hacer que estas conclusiones sean engañosas.
A13: Refinamiento aplicado | B13: Se agregaron filtros interactivos por Año, Categoría y Región, un gráfico de dispersión de cantidad versus ventas y una nota de análisis para evitar confundir correlación con causalidad.
